id;tipo_ident;identificacion_empresa;razon_social;celular;email
1;EXE input disintermediate;Electronics Mississippi;process improvement Engineer;47446;Sibyl.Sipes74@hotmail.com
2;Ball Director;Handcrafted Incredible Frozen Shirt;Metrics PNG;11159;Rosemarie95@gmail.com
3;deposit Borders;Internal Down-sized;Massachusetts Tasty bandwidth;78763;Loyal.King56@gmail.com
4;invoice circuit;Coordinator Quality Down-sized;product Borders Licensed Concrete Fish;97161;Tomasa74@hotmail.com
5;Metal Granite;driver Avon;invoice;67211;Kris_Mohr33@yahoo.com
6;Mauritania Cambridgeshire;Tools District;Credit Card Account;62829;Maeve_Ernser@gmail.com
7;withdrawal evolve;uniform 1080p portal;Flat;91773;Gage47@gmail.com
8;Persistent;supply-chains;Borders Licensed Frozen Gloves;92001;Laron.Klocko30@hotmail.com
9;grow Health;back up;orange Berkshire Metal;5716;Brandyn_Halvorson87@yahoo.com
10;Mountain;North Korean Won panel;Vanuatu Jewelery Managed;18497;Daron_Nienow@hotmail.com
