id;id_persona;identificacion;nombre;apellido
1;93715;10848;contextually-based;JBOD Avon
2;58175;25942;Senior;United States of America Benin
3;89681;24672;grow Berkshire;transmit bypassing
4;36752;72062;Bacon Games Investment Account;Borders Front-line Small Granite Chips
5;85303;4895;FTP Implementation;world-class Consultant
6;73068;61361;disintermediate channels;bandwidth-monitored Unbranded
7;98698;10131;Rubber;TCP CFP Franc
8;57191;63484;indexing holistic;Granite Fresh Georgia
9;32701;49584;Personal Loan Account;e-tailers Keyboard withdrawal
10;62702;18117;access;sticky optical card
